{
  "train_loss": [
    0.07136911316774786,
    0.03725417994428426,
    0.012547553749755025,
    0.006854567764094099,
    0.0055983507190831006,
    0.0052740042738150805
  ],
  "val_loss": [
    0.05512951811154684,
    0.015047153768440088,
    0.003444046713411808,
    0.00146930618211627,
    0.0010355547807800274,
    0.0008801801013760269
  ],
  "val_f1": [
    0.00041766922413401735,
    0.00041766922413401735,
    0.00041766922413401735,
    0.0,
    0.0,
    0.0
  ],
  "val_auc_roc": [
    0.4734369069768452,
    0.5009739155710775,
    0.5347065042631515,
    0.5167224384065541,
    0.5089915392565778,
    0.5133161035320435
  ],
  "learning_rate": [
    0.001,
    0.001,
    0.001,
    0.001,
    0.001,
    0.001
  ]
}