{
  "train_loss": [
    0.01277964932659825,
    0.003714164710030533,
    0.0035958766021284756,
    0.003482493808605596,
    0.003378498969870814,
    0.003364631127064618,
    0.003304924384133051,
    0.003272620726960128,
    0.003266290605457111,
    0.0032347984807719323,
    0.0032269959824139274,
    0.003213508319426942,
    0.003180570828800018,
    0.003185130870686128,
    0.0031663370817633612,
    0.0030869318256768717,
    0.003069748119502277,
    0.0030393315092814,
    0.00304699244468913,
    0.003025674898878436,
    0.0029913116000838333,
    0.0029728277368921336,
    0.0029601466005340546,
    0.0029185031263086083,
    0.002971645935878649,
    0.0029216483516802828,
    0.0029009006556717084,
    0.002908001748517483,
    0.0028933767155119843
  ],
  "val_loss": [
    0.005870727290874294,
    0.005687379664943199,
    0.005554468319628954,
    0.005161930651865987,
    0.005541317957357189,
    0.005544746954683433,
    0.005329798963740276,
    0.0054436328676646635,
    0.005623250386592686,
    0.005274295021019332,
    0.005502137387814152,
    0.005119122416214272,
    0.005883345707182095,
    0.005612664034598228,
    0.005320284325369523,
    0.005024979485597214,
    0.005177640975385988,
    0.005076009685271029,
    0.005359660039196321,
    0.005350532636632785,
    0.005233260825910044,
    0.005161367975729677,
    0.005225639470712518,
    0.00538584607284065,
    0.005135725336293201,
    0.0050689125053560765,
    0.005202604381131757,
    0.005215349633007546,
    0.005147897236714594
  ],
  "val_f1": [
    0.0,
    0.0009751340809361286,
    0.0053085600530856005,
    0.021149641123204072,
    0.0,
    0.029320760277000146,
    0.027764135808532237,
    0.02599594868332208,
    0.033626029541896404,
    0.022159562116437218,
    0.03266231169177443,
    0.023947427043885056,
    0.03390728476821192,
    0.03628509719222463,
    0.023354341736694678,
    0.022071557120057952,
    0.02796805005806926,
    0.024974623178135712,
    0.028202754940926663,
    0.025222521846677885,
    0.026116746752091125,
    0.02751371115173675,
    0.02877936740736641,
    0.028979107443490738,
    0.02499716799456255,
    0.02287548621253091,
    0.02736215968885838,
    0.026622987126839845,
    0.02380438571736857
  ],
  "val_auc_roc": [
    0.759619612937174,
    0.8007115334039092,
    0.8130538710404627,
    0.8303300321157253,
    0.8370383653410207,
    0.835397182123264,
    0.8402525150844363,
    0.8387821131626688,
    0.8354085329544422,
    0.8331832684479641,
    0.8373053800583209,
    0.848224991048873,
    0.8453065085166841,
    0.8408882628727046,
    0.8362231638844742,
    0.8464755274993524,
    0.8462255485683674,
    0.8463872183651331,
    0.826829848258171,
    0.8432669759319598,
    0.8359278004001457,
    0.8424881186145524,
    0.8438534042572096,
    0.8367345168903615,
    0.840554600872812,
    0.8449001077712277,
    0.8448865850003854,
    0.8382398803322668,
    0.8414896292068975
  ],
  "learning_rate": [
    0.001,
    0.001,
    0.001,
    0.001,
    0.001,
    0.001,
    0.001,
    0.001,
    0.001,
    0.001,
    0.001,
    0.001,
    0.001,
    0.001,
    0.001,
    0.001,
    0.001,
    0.001,
    0.001,
    0.0005,
    0.0005,
    0.0005,
    0.0005,
    0.0005,
    0.0005,
    0.00025,
    0.00025,
    0.00025,
    0.00025
  ]
}