{
  "train_loss": [
    0.01332448069441163,
    0.003635470576297778,
    0.0034377467639457723,
    0.0032971657462070115,
    0.0032355231143390904,
    0.003188835642464295,
    0.003150125795330566,
    0.003160526802645648,
    0.0030944309322736585,
    0.003076248112707757,
    0.003073924249882431,
    0.0030598050446484933,
    0.0030445502821489106,
    0.0030263897586757173,
    0.003023651326817184,
    0.0030196733852070603,
    0.00298086620335068,
    0.002989154965309733,
    0.0029964240109240942,
    0.002998779041713083
  ],
  "val_loss": [
    0.005621595507957112,
    0.005436225713745681,
    0.005669034955249314,
    0.004807235034762846,
    0.005208147431561804,
    0.005171777624424146,
    0.005173729165424289,
    0.005345035157639042,
    0.005012477400708556,
    0.005387177027624484,
    0.005091150997150576,
    0.005304649943503176,
    0.005598036559722855,
    0.005244807750594428,
    0.005255336812880436,
    0.005214057601338224,
    0.005118481143031401,
    0.005053782349794188,
    0.004946728400534045,
    0.004863251981552584
  ],
  "val_f1": [
    0.0,
    0.0,
    0.0,
    0.02035206524311434,
    0.027685365760391573,
    0.026440337378704947,
    0.016263474900073776,
    0.030195521917376223,
    0.0262232040582556,
    0.02943124822560802,
    0.029506528743428857,
    0.030063228218077706,
    0.02934054977923373,
    0.031654292446538924,
    0.017935157507472984,
    0.03191544479560644,
    0.031890905186298724,
    0.031309468241714836,
    0.025639100566838092,
    0.027590831796517615
  ],
  "val_auc_roc": [
    0.7742340302175309,
    0.8170704835227063,
    0.8189290628407291,
    0.8480059787500173,
    0.8428187989304173,
    0.8432682491687549,
    0.8484564122139251,
    0.8315205050286762,
    0.8453912633684505,
    0.8418262630377047,
    0.8484463370933614,
    0.8436155766938037,
    0.8470806250102416,
    0.8447695413905343,
    0.8496610726123778,
    0.8496101355542712,
    0.8524878603063665,
    0.8577867105961193,
    0.8538440140732807,
    0.8458630972995553
  ],
  "learning_rate": [
    0.001,
    0.001,
    0.001,
    0.001,
    0.001,
    0.001,
    0.001,
    0.001,
    0.001,
    0.001,
    0.001,
    0.001,
    0.001,
    0.001,
    0.001,
    0.001,
    0.001,
    0.001,
    0.001,
    0.001
  ]
}