{
  "train_loss": [
    0.012781874981657084,
    0.003794500264080448,
    0.003670284740575072,
    0.003516074875369668,
    0.003457338074480908,
    0.0033654798055067657,
    0.0033240709531431397,
    0.0032429859650114344,
    0.0032044235267676413,
    0.0031628008453278905,
    0.0032119332696311175,
    0.0031486072642211284,
    0.003140103749723898,
    0.003148203702746994,
    0.0031109407919252085,
    0.0030759567951059177,
    0.0030729954622478947,
    0.003090859637207662,
    0.003061594511382282,
    0.003086775130618157
  ],
  "val_loss": [
    0.006103021279572699,
    0.005764708256141272,
    0.005538739794164113,
    0.0056258345290519755,
    0.005102146208504233,
    0.00530526042968466,
    0.005473977938560314,
    0.005113366492196292,
    0.005335833902346498,
    0.005413645049305738,
    0.005452932305781194,
    0.005283913827394248,
    0.005178628714040976,
    0.0051241223611978885,
    0.005733804535793752,
    0.005328167193231986,
    0.005233950770606167,
    0.005245088380919779,
    0.005054566613590727,
    0.0052260161216446995
  ],
  "val_f1": [
    0.006530925854782943,
    0.0,
    0.0,
    0.0,
    0.017422778882960004,
    0.024052436591621543,
    0.027196733310219965,
    0.023586956521739134,
    0.028000000000000004,
    0.02153558052434457,
    0.0,
    0.02723338376552549,
    0.021212984054669703,
    0.026402219316986067,
    0.03292291220556745,
    0.032511334734048436,
    0.026912378303198887,
    0.030253371990419765,
    0.025133304510736417,
    0.028954377523842258
  ],
  "val_auc_roc": [
    0.7650046793413334,
    0.789077792790197,
    0.815816655753871,
    0.8225727844363873,
    0.8290276387922416,
    0.8335417852480188,
    0.8023698370237472,
    0.8334800530755877,
    0.8329466111921011,
    0.8022471954645456,
    0.8331816043060984,
    0.8384676980708102,
    0.8358559838026218,
    0.8385125636084317,
    0.8235678916998279,
    0.8396581479705625,
    0.8365270863037654,
    0.8370909147078658,
    0.8409291325329369,
    0.8330557752771309
  ],
  "learning_rate": [
    0.001,
    0.001,
    0.001,
    0.001,
    0.001,
    0.001,
    0.001,
    0.001,
    0.001,
    0.001,
    0.001,
    0.001,
    0.001,
    0.001,
    0.001,
    0.001,
    0.001,
    0.001,
    0.001,
    0.001
  ]
}