{
  "train_loss": [
    0.020478010471848832,
    0.003974646038201812,
    0.0039034020654591067,
    0.0037843463712136497,
    0.0036379565026836247
  ],
  "val_loss": [
    0.006665324540253178,
    0.00638025648500347,
    0.006453353393722368,
    0.005902942761498376,
    0.005656736097576372
  ],
  "val_f1": [
    0.0,
    0.0,
    0.0,
    0.0,
    0.0
  ],
  "val_auc_roc": [
    0.778146712786274,
    0.782923072137964,
    0.7944375164109844,
    0.7809507810573526,
    0.8104421148251474
  ],
  "learning_rate": [
    0.001,
    0.001,
    0.001,
    0.001,
    0.001
  ]
}