{
  "train_loss": [
    0.016403307318226895,
    0.0035521947870870213,
    0.003371229218728431,
    0.0033145759332730627,
    0.0032835612937060932,
    0.0031841835653112567,
    0.003170434633720216,
    0.0031318123424221036,
    0.003132589646246653,
    0.0031479779671836684,
    0.003112506914556354,
    0.003120598774710363,
    0.003106404779028598,
    0.003087459581105837,
    0.0031088262573805646,
    0.003054491303103802,
    0.00302983404605414,
    0.0030121775184103012,
    0.0030415361455467704,
    0.0030341425400155666
  ],
  "val_loss": [
    0.006063649803598475,
    0.005456652975226461,
    0.00553080547214532,
    0.005327049265071599,
    0.005037287085005201,
    0.005366397563586195,
    0.0051305344635776155,
    0.0052013167629328646,
    0.005537945417824052,
    0.005508273215809822,
    0.005296864747358334,
    0.0052079081051901585,
    0.005267286237188851,
    0.005141066813559353,
    0.005057528685049626,
    0.005203637820944674,
    0.005354284279726265,
    0.005298820179570446,
    0.005099159730693001,
    0.005329146318383044
  ],
  "val_f1": [
    0.0,
    0.0,
    0.025841053144807415,
    0.027619355070124467,
    0.021717081319730325,
    0.027127644223831925,
    0.02643982066904242,
    0.027838908450704226,
    0.03421919921464133,
    0.03090107535742244,
    0.026078980639083763,
    0.025271451907370044,
    0.02660211858313761,
    0.0231025080154616,
    0.023001308791178194,
    0.025604422994131376,
    0.02757020691143543,
    0.027948173194889136,
    0.022952673482174238,
    0.027236720742227768
  ],
  "val_auc_roc": [
    0.7871602516223306,
    0.8252781426153964,
    0.8325160696932121,
    0.8341766932788277,
    0.8424126549432692,
    0.8395372674729104,
    0.8475109940413135,
    0.844562783815823,
    0.8443061484344444,
    0.8423277181931217,
    0.841319077783242,
    0.8374443214204507,
    0.8418968866653073,
    0.8444726843238582,
    0.8470675829269967,
    0.841231322865987,
    0.8386604122255442,
    0.8441486852706074,
    0.8434179857454572,
    0.8338423216596571
  ],
  "learning_rate": [
    0.001,
    0.001,
    0.001,
    0.001,
    0.001,
    0.001,
    0.001,
    0.001,
    0.001,
    0.001,
    0.001,
    0.001,
    0.001,
    0.001,
    0.0005,
    0.0005,
    0.0005,
    0.0005,
    0.0005,
    0.0005
  ]
}